Classification,Year,Period,Period Desc.,Aggregate Level,Is Leaf Code,Trade Flow Code,Trade Flow,Reporter Code,Reporter,Reporter ISO,Partner Code,Partner,Partner ISO,2nd Partner Code,2nd Partner,2nd Partner ISO,Customs Proc. Code,Customs,Mode of Transport Code,Mode of Transport,Commodity Code,Commodity,Qty Unit Code,Qty Unit,Qty,Alt Qty Unit Code,Alt Qty Unit,Alt Qty,Netweight (kg),Gross weight (kg),Trade Value (US$),CIF Trade Value (US$),FOB Trade Value (US$),Flag
H5,2019,2019,2019,2,0,1,Import,97,EU,EU2,0,World,WLD,,,,,,,,76,Aluminium and articles thereof,1,No Quantity,0,,,,,,25226279529,,,4
H5,2019,2019,2019,2,0,1,Import,97,EU,EU2,4,Afghanistan,AFG,,,,,,,,76,Aluminium and articles thereof,1,No Quantity,0,,,,0,,1475,,,0
H5,2019,2019,2019,2,0,1,Import,97,EU,EU2,8,Albania,ALB,,,,,,,,76,Aluminium and articles thereof,1,No Quantity,0,,,,0,,37139568,,,0
H5,2019,2019,2019,2,0,1,Import,97,EU,EU2,12,Algeria,DZA,,,,,,,,76,Aluminium and articles thereof,1,No Quantity,0,,,,0,,1834154,,,0
H5,2019,2019,2019,2,0,1,Import,97,EU,EU2,20,Andorra,AND,,,,,,,,76,Aluminium and articles thereof,1,No Quantity,0,,,,0,,466475,,,0
H5,2019,2019,2019,2,0,1,Import,97,EU,EU2,24,Angola,AGO,,,,,,,,76,Aluminium and articles thereof,1,No Quantity,0,,,,0,,243849,,,0
H5,2019,2019,2019,2,0,1,Import,97,EU,EU2,28,Antigua and Barbuda,ATG,,,,,,,,76,Aluminium and articles thereof,1,No Quantity,0,,,,0,,4151,,,0
H5,2019,2019,2019,2,0,1,Import,97,EU,EU2,31,Azerbaijan,AZE,,,,,,,,76,Aluminium and articles thereof,1,No Quantity,0,,,,0,,34976688,,,0
H5,2019,2019,2019,2,0,1,Import,97,EU,EU2,32,Argentina,ARG,,,,,,,,76,Aluminium and articles thereof,1,No Quantity,0,,,,0,,22199243,,,4
H5,2019,2019,2019,2,0,1,Import,97,EU,EU2,36,Australia,AUS,,,,,,,,76,Aluminium and articles thereof,1,No Quantity,0,,,,0,,63475543,,,4
H5,2019,2019,2019,2,0,1,Import,97,EU,EU2,44,Bahamas,BHS,,,,,,,,76,Aluminium and articles thereof,1,No Quantity,0,,,,0,,97465,,,0
H5,2019,2019,2019,2,0,1,Import,97,EU,EU2,48,Bahrain,BHR,,,,,,,,76,Aluminium and articles thereof,1,No Quantity,0,,,,0,,450749065,,,4
H5,2019,2019,2019,2,0,1,Import,97,EU,EU2,50,Bangladesh,BGD,,,,,,,,76,Aluminium and articles thereof,1,No Quantity,0,,,,0,,339982,,,0
H5,2019,2019,2019,2,0,1,Import,97,EU,EU2,51,Armenia,ARM,,,,,,,,76,Aluminium and articles thereof,1,No Quantity,0,,,,0,,67722115,,,0
H5,2019,2019,2019,2,0,1,Import,97,EU,EU2,52,Barbados,BRB,,,,,,,,76,Aluminium and articles thereof,1,No Quantity,0,,,,0,,1290,,,0
H5,2019,2019,2019,2,0,1,Import,97,EU,EU2,60,Bermuda,BMU,,,,,,,,76,Aluminium and articles thereof,1,No Quantity,0,,,,0,,15,,,0
H5,2019,2019,2019,2,0,1,Import,97,EU,EU2,68,Bolivia (Plurinational State of),BOL,,,,,,,,76,Aluminium and articles thereof,1,No Quantity,0,,,,0,,242668,,,0
H5,2019,2019,2019,2,0,1,Import,97,EU,EU2,70,Bosnia Herzegovina,BIH,,,,,,,,76,Aluminium and articles thereof,1,No Quantity,0,,,,0,,279165237,,,4
H5,2019,2019,2019,2,0,1,Import,97,EU,EU2,76,Brazil,BRA,,,,,,,,76,Aluminium and articles thereof,1,No Quantity,0,,,,0,,16297242,,,4
H5,2019,2019,2019,2,0,1,Import,97,EU,EU2,84,Belize,BLZ,,,,,,,,76,Aluminium and articles thereof,1,No Quantity,0,,,,0,,1521,,,0
H5,2019,2019,2019,2,0,1,Import,97,EU,EU2,90,Solomon Isds,SLB,,,,,,,,76,Aluminium and articles thereof,1,No Quantity,0,,,,0,,1667,,,4
H5,2019,2019,2019,2,0,1,Import,97,EU,EU2,92,Br. Virgin Isds,VGB,,,,,,,,76,Aluminium and articles thereof,1,No Quantity,0,,,,0,,4981,,,4
H5,2019,2019,2019,2,0,1,Import,97,EU,EU2,96,Brunei Darussalam,BRN,,,,,,,,76,Aluminium and articles thereof,1,No Quantity,0,,,,0,,8713,,,0
H5,2019,2019,2019,2,0,1,Import,97,EU,EU2,104,Myanmar,MMR,,,,,,,,76,Aluminium and articles thereof,1,No Quantity,0,,,,0,,2675,,,4
H5,2019,2019,2019,2,0,1,Import,97,EU,EU2,112,Belarus,BLR,,,,,,,,76,Aluminium and articles thereof,1,No Quantity,0,,,,0,,41319243,,,4
H5,2019,2019,2019,2,0,1,Import,97,EU,EU2,116,Cambodia,KHM,,,,,,,,76,Aluminium and articles thereof,1,No Quantity,0,,,,0,,100757,,,4
H5,2019,2019,2019,2,0,1,Import,97,EU,EU2,120,Cameroon,CMR,,,,,,,,76,Aluminium and articles thereof,1,No Quantity,0,,,,0,,89565124,,,0
H5,2019,2019,2019,2,0,1,Import,97,EU,EU2,124,Canada,CAN,,,,,,,,76,Aluminium and articles thereof,1,No Quantity,0,,,,0,,307771123,,,4
H5,2019,2019,2019,2,0,1,Import,97,EU,EU2,132,Cabo Verde,CPV,,,,,,,,76,Aluminium and articles thereof,1,No Quantity,0,,,,0,,436103,,,0
H5,2019,2019,2019,2,0,1,Import,97,EU,EU2,136,Cayman Isds,CYM,,,,,,,,76,Aluminium and articles thereof,1,No Quantity,0,,,,0,,3548,,,0
H5,2019,2019,2019,2,0,1,Import,97,EU,EU2,144,Sri Lanka,LKA,,,,,,,,76,Aluminium and articles thereof,1,No Quantity,0,,,,0,,2831255,,,0
H5,2019,2019,2019,2,0,1,Import,97,EU,EU2,152,Chile,CHL,,,,,,,,76,Aluminium and articles thereof,1,No Quantity,0,,,,0,,3305282,,,4
H5,2019,2019,2019,2,0,1,Import,97,EU,EU2,156,China,CHN,,,,,,,,76,Aluminium and articles thereof,1,No Quantity,0,,,,0,,4246847154,,,4
H5,2019,2019,2019,2,0,1,Import,97,EU,EU2,162,Christmas Isds,CXR,,,,,,,,76,Aluminium and articles thereof,1,No Quantity,0,,,,0,,105721,,,0
H5,2019,2019,2019,2,0,1,Import,97,EU,EU2,166,Cocos Isds,CCK,,,,,,,,76,Aluminium and articles thereof,1,No Quantity,0,,,,0,,134,,,0
H5,2019,2019,2019,2,0,1,Import,97,EU,EU2,170,Colombia,COL,,,,,,,,76,Aluminium and articles thereof,1,No Quantity,0,,,,0,,3621794,,,4
H5,2019,2019,2019,2,0,1,Import,97,EU,EU2,178,Congo,COG,,,,,,,,76,Aluminium and articles thereof,1,No Quantity,0,,,,0,,247112,,,0
H5,2019,2019,2019,2,0,1,Import,97,EU,EU2,180,Dem. Rep. of the Congo,COD,,,,,,,,76,Aluminium and articles thereof,1,No Quantity,0,,,,0,,147985,,,0
H5,2019,2019,2019,2,0,1,Import,97,EU,EU2,188,Costa Rica,CRI,,,,,,,,76,Aluminium and articles thereof,1,No Quantity,0,,,,0,,529238,,,4
H5,2019,2019,2019,2,0,1,Import,97,EU,EU2,192,Cuba,CUB,,,,,,,,76,Aluminium and articles thereof,1,No Quantity,0,,,,0,,8299950,,,4
H5,2019,2019,2019,2,0,1,Import,97,EU,EU2,204,Benin,BEN,,,,,,,,76,Aluminium and articles thereof,1,No Quantity,0,,,,0,,4807,,,0
H5,2019,2019,2019,2,0,1,Import,97,EU,EU2,212,Dominica,DMA,,,,,,,,76,Aluminium and articles thereof,1,No Quantity,0,,,,0,,20971,,,0
H5,2019,2019,2019,2,0,1,Import,97,EU,EU2,214,Dominican Rep.,DOM,,,,,,,,76,Aluminium and articles thereof,1,No Quantity,0,,,,0,,360568,,,4
H5,2019,2019,2019,2,0,1,Import,97,EU,EU2,218,Ecuador,ECU,,,,,,,,76,Aluminium and articles thereof,1,No Quantity,0,,,,,,435518,,,4
H5,2019,2019,2019,2,0,1,Import,97,EU,EU2,222,El Salvador,SLV,,,,,,,,76,Aluminium and articles thereof,1,No Quantity,0,,,,0,,86370,,,0
H5,2019,2019,2019,2,0,1,Import,97,EU,EU2,226,Equatorial Guinea,GNQ,,,,,,,,76,Aluminium and articles thereof,1,No Quantity,0,,,,0,,1888732,,,0
H5,2019,2019,2019,2,0,1,Import,97,EU,EU2,231,Ethiopia,ETH,,,,,,,,76,Aluminium and articles thereof,1,No Quantity,0,,,,0,,382404,,,0
H5,2019,2019,2019,2,0,1,Import,97,EU,EU2,234,Faeroe Isds,FRO,,,,,,,,76,Aluminium and articles thereof,1,No Quantity,0,,,,0,,110842,,,0
H5,2019,2019,2019,2,0,1,Import,97,EU,EU2,238,Falkland Isds (Malvinas),FLK,,,,,,,,76,Aluminium and articles thereof,1,No Quantity,0,,,,0,,2353,,,4
H5,2019,2019,2019,2,0,1,Import,97,EU,EU2,258,French Polynesia,PYF,,,,,,,,76,Aluminium and articles thereof,1,No Quantity,0,,,,0,,11161,,,0
H5,2019,2019,2019,2,0,1,Import,97,EU,EU2,262,Djibouti,DJI,,,,,,,,76,Aluminium and articles thereof,1,No Quantity,0,,,,0,,10772,,,0
H5,2019,2019,2019,2,0,1,Import,97,EU,EU2,266,Gabon,GAB,,,,,,,,76,Aluminium and articles thereof,1,No Quantity,0,,,,0,,7492,,,4
H5,2019,2019,2019,2,0,1,Import,97,EU,EU2,268,Georgia,GEO,,,,,,,,76,Aluminium and articles thereof,1,No Quantity,0,,,,0,,3318942,,,4
H5,2019,2019,2019,2,0,1,Import,97,EU,EU2,270,Gambia,GMB,,,,,,,,76,Aluminium and articles thereof,1,No Quantity,0,,,,0,,481,,,0
H5,2019,2019,2019,2,0,1,Import,97,EU,EU2,275,State of Palestine,PSE,,,,,,,,76,Aluminium and articles thereof,1,No Quantity,0,,,,0,,104127,,,0
H5,2019,2019,2019,2,0,1,Import,97,EU,EU2,288,Ghana,GHA,,,,,,,,76,Aluminium and articles thereof,1,No Quantity,0,,,,0,,95498595,,,4
H5,2019,2019,2019,2,0,1,Import,97,EU,EU2,292,Gibraltar,GIB,,,,,,,,76,Aluminium and articles thereof,1,No Quantity,0,,,,0,,97814,,,0
H5,2019,2019,2019,2,0,1,Import,97,EU,EU2,304,Greenland,GRL,,,,,,,,76,Aluminium and articles thereof,1,No Quantity,0,,,,0,,107,,,0
H5,2019,2019,2019,2,0,1,Import,97,EU,EU2,320,Guatemala,GTM,,,,,,,,76,Aluminium and articles thereof,1,No Quantity,0,,,,0,,45795,,,0
H5,2019,2019,2019,2,0,1,Import,97,EU,EU2,324,Guinea,GIN,,,,,,,,76,Aluminium and articles thereof,1,No Quantity,0,,,,0,,436793,,,0
H5,2019,2019,2019,2,0,1,Import,97,EU,EU2,328,Guyana,GUY,,,,,,,,76,Aluminium and articles thereof,1,No Quantity,0,,,,0,,124418,,,0
H5,2019,2019,2019,2,0,1,Import,97,EU,EU2,332,Haiti,HTI,,,,,,,,76,Aluminium and articles thereof,1,No Quantity,0,,,,0,,2516,,,0
H5,2019,2019,2019,2,0,1,Import,97,EU,EU2,334,Heard Island and McDonald Islands,HMD,,,,,,,,76,Aluminium and articles thereof,1,No Quantity,0,,,,0,,683,,,0
H5,2019,2019,2019,2,0,1,Import,97,EU,EU2,336,Holy See (Vatican City State),VAT,,,,,,,,76,Aluminium and articles thereof,1,No Quantity,0,,,,0,,2353,,,0
H5,2019,2019,2019,2,0,1,Import,97,EU,EU2,340,Honduras,HND,,,,,,,,76,Aluminium and articles thereof,1,No Quantity,0,,,,0,,1106291,,,0
H5,2019,2019,2019,2,0,1,Import,97,EU,EU2,344,"China, Hong Kong SAR",HKG,,,,,,,,76,Aluminium and articles thereof,1,No Quantity,0,,,,0,,31787309,,,4
H5,2019,2019,2019,2,0,1,Import,97,EU,EU2,352,Iceland,ISL,,,,,,,,76,Aluminium and articles thereof,1,No Quantity,0,,,,0,,1279538146,,,4
H5,2019,2019,2019,2,0,1,Import,97,EU,EU2,360,Indonesia,IDN,,,,,,,,76,Aluminium and articles thereof,1,No Quantity,0,,,,0,,20058154,,,4
H5,2019,2019,2019,2,0,1,Import,97,EU,EU2,364,Iran,IRN,,,,,,,,76,Aluminium and articles thereof,1,No Quantity,0,,,,0,,1756429,,,0
H5,2019,2019,2019,2,0,1,Import,97,EU,EU2,368,Iraq,IRQ,,,,,,,,76,Aluminium and articles thereof,1,No Quantity,0,,,,0,,424132,,,0
H5,2019,2019,2019,2,0,1,Import,97,EU,EU2,376,Israel,ISR,,,,,,,,76,Aluminium and articles thereof,1,No Quantity,0,,,,0,,87743846,,,4
H5,2019,2019,2019,2,0,1,Import,97,EU,EU2,384,Côte d'Ivoire,CIV,,,,,,,,76,Aluminium and articles thereof,1,No Quantity,0,,,,0,,142224,,,0
H5,2019,2019,2019,2,0,1,Import,97,EU,EU2,392,Japan,JPN,,,,,,,,76,Aluminium and articles thereof,1,No Quantity,0,,,,0,,99535986,,,4
H5,2019,2019,2019,2,0,1,Import,97,EU,EU2,398,Kazakhstan,KAZ,,,,,,,,76,Aluminium and articles thereof,1,No Quantity,0,,,,0,,233982178,,,0
H5,2019,2019,2019,2,0,1,Import,97,EU,EU2,400,Jordan,JOR,,,,,,,,76,Aluminium and articles thereof,1,No Quantity,0,,,,0,,12546008,,,4
H5,2019,2019,2019,2,0,1,Import,97,EU,EU2,404,Kenya,KEN,,,,,,,,76,Aluminium and articles thereof,1,No Quantity,0,,,,0,,580736,,,0
H5,2019,2019,2019,2,0,1,Import,97,EU,EU2,410,Rep. of Korea,KOR,,,,,,,,76,Aluminium and articles thereof,1,No Quantity,0,,,,0,,320438559,,,4
H5,2019,2019,2019,2,0,1,Import,97,EU,EU2,414,Kuwait,KWT,,,,,,,,76,Aluminium and articles thereof,1,No Quantity,0,,,,0,,1965469,,,0
H5,2019,2019,2019,2,0,1,Import,97,EU,EU2,417,Kyrgyzstan,KGZ,,,,,,,,76,Aluminium and articles thereof,1,No Quantity,0,,,,0,,122859,,,4
H5,2019,2019,2019,2,0,1,Import,97,EU,EU2,418,Lao People's Dem. Rep.,LAO,,,,,,,,76,Aluminium and articles thereof,1,No Quantity,0,,,,0,,1398,,,0
H5,2019,2019,2019,2,0,1,Import,97,EU,EU2,422,Lebanon,LBN,,,,,,,,76,Aluminium and articles thereof,1,No Quantity,0,,,,0,,9240902,,,4
H5,2019,2019,2019,2,0,1,Import,97,EU,EU2,434,Libya,LBY,,,,,,,,76,Aluminium and articles thereof,1,No Quantity,0,,,,0,,2121362,,,4
H5,2019,2019,2019,2,0,1,Import,97,EU,EU2,446,"China, Macao SAR",MAC,,,,,,,,76,Aluminium and articles thereof,1,No Quantity,0,,,,0,,126192,,,4
H5,2019,2019,2019,2,0,1,Import,97,EU,EU2,450,Madagascar,MDG,,,,,,,,76,Aluminium and articles thereof,1,No Quantity,0,,,,0,,138447,,,0
H5,2019,2019,2019,2,0,1,Import,97,EU,EU2,454,Malawi,MWI,,,,,,,,76,Aluminium and articles thereof,1,No Quantity,0,,,,0,,123,,,4
H5,2019,2019,2019,2,0,1,Import,97,EU,EU2,458,Malaysia,MYS,,,,,,,,76,Aluminium and articles thereof,1,No Quantity,0,,,,0,,185891774,,,4
H5,2019,2019,2019,2,0,1,Import,97,EU,EU2,466,Mali,MLI,,,,,,,,76,Aluminium and articles thereof,1,No Quantity,0,,,,0,,34207,,,4
H5,2019,2019,2019,2,0,1,Import,97,EU,EU2,480,Mauritius,MUS,,,,,,,,76,Aluminium and articles thereof,1,No Quantity,0,,,,0,,3939005,,,0
H5,2019,2019,2019,2,0,1,Import,97,EU,EU2,484,Mexico,MEX,,,,,,,,76,Aluminium and articles thereof,1,No Quantity,0,,,,0,,43726124,,,4
H5,2019,2019,2019,2,0,1,Import,97,EU,EU2,490,"Other Asia, nes",,,,,,,,,76,Aluminium and articles thereof,1,No Quantity,0,,,,0,,124618942,,,4
H5,2019,2019,2019,2,0,1,Import,97,EU,EU2,496,Mongolia,MNG,,,,,,,,76,Aluminium and articles thereof,1,No Quantity,0,,,,0,,7072,,,0
H5,2019,2019,2019,2,0,1,Import,97,EU,EU2,498,Rep. of Moldova,MDA,,,,,,,,76,Aluminium and articles thereof,1,No Quantity,0,,,,0,,2405012,,,0
H5,2019,2019,2019,2,0,1,Import,97,EU,EU2,499,Montenegro,MNE,,,,,,,,76,Aluminium and articles thereof,1,No Quantity,0,,,,0,,64840889,,,0
H5,2019,2019,2019,2,0,1,Import,97,EU,EU2,504,Morocco,MAR,,,,,,,,76,Aluminium and articles thereof,1,No Quantity,0,,,,0,,72348348,,,4
H5,2019,2019,2019,2,0,1,Import,97,EU,EU2,508,Mozambique,MOZ,,,,,,,,76,Aluminium and articles thereof,1,No Quantity,0,,,,0,,1092561639,,,0
H5,2019,2019,2019,2,0,1,Import,97,EU,EU2,512,Oman,OMN,,,,,,,,76,Aluminium and articles thereof,1,No Quantity,0,,,,0,,53287865,,,0
H5,2019,2019,2019,2,0,1,Import,97,EU,EU2,524,Nepal,NPL,,,,,,,,76,Aluminium and articles thereof,1,No Quantity,0,,,,0,,1849,,,0
H5,2019,2019,2019,2,0,1,Import,97,EU,EU2,531,Curaçao,CUW,,,,,,,,76,Aluminium and articles thereof,1,No Quantity,0,,,,0,,621510,,,0
H5,2019,2019,2019,2,0,1,Import,97,EU,EU2,533,Aruba,ABW,,,,,,,,76,Aluminium and articles thereof,1,No Quantity,0,,,,0,,461335,,,0
H5,2019,2019,2019,2,0,1,Import,97,EU,EU2,534,Saint Maarten,SXM,,,,,,,,76,Aluminium and articles thereof,1,No Quantity,0,,,,0,,54634,,,0
H5,2019,2019,2019,2,0,1,Import,97,EU,EU2,535,Bonaire,BES,,,,,,,,76,Aluminium and articles thereof,1,No Quantity,0,,,,0,,33352,,,0
H5,2019,2019,2019,2,0,1,Import,97,EU,EU2,540,New Caledonia,NCL,,,,,,,,76,Aluminium and articles thereof,1,No Quantity,0,,,,0,,4153,,,0
H5,2019,2019,2019,2,0,1,Import,97,EU,EU2,554,New Zealand,NZL,,,,,,,,76,Aluminium and articles thereof,1,No Quantity,0,,,,0,,45954090,,,4
H5,2019,2019,2019,2,0,1,Import,97,EU,EU2,562,Niger,NER,,,,,,,,76,Aluminium and articles thereof,1,No Quantity,0,,,,0,,3566,,,0
H5,2019,2019,2019,2,0,1,Import,97,EU,EU2,566,Nigeria,NGA,,,,,,,,76,Aluminium and articles thereof,1,No Quantity,0,,,,0,,9170588,,,0
H5,2019,2019,2019,2,0,1,Import,97,EU,EU2,577,"Other Africa, nes",,,,,,,,,76,Aluminium and articles thereof,1,No Quantity,0,,,,0,,15788,,,0
H5,2019,2019,2019,2,0,1,Import,97,EU,EU2,579,Norway,NOR,,,,,,,,76,Aluminium and articles thereof,1,No Quantity,0,,,,0,,3648692563,,,4
H5,2019,2019,2019,2,0,1,Import,97,EU,EU2,581,United States Minor Outlying Islands,UMI,,,,,,,,76,Aluminium and articles thereof,1,No Quantity,0,,,,0,,975,,,0
H5,2019,2019,2019,2,0,1,Import,97,EU,EU2,584,Marshall Isds,MHL,,,,,,,,76,Aluminium and articles thereof,1,No Quantity,0,,,,0,,2294,,,0
H5,2019,2019,2019,2,0,1,Import,97,EU,EU2,586,Pakistan,PAK,,,,,,,,76,Aluminium and articles thereof,1,No Quantity,0,,,,0,,3024486,,,0
H5,2019,2019,2019,2,0,1,Import,97,EU,EU2,591,Panama,PAN,,,,,,,,76,Aluminium and articles thereof,1,No Quantity,0,,,,0,,636608,,,0
H5,2019,2019,2019,2,0,1,Import,97,EU,EU2,598,Papua New Guinea,PNG,,,,,,,,76,Aluminium and articles thereof,1,No Quantity,0,,,,0,,1704171,,,0
H5,2019,2019,2019,2,0,1,Import,97,EU,EU2,600,Paraguay,PRY,,,,,,,,76,Aluminium and articles thereof,1,No Quantity,0,,,,0,,411720,,,4
H5,2019,2019,2019,2,0,1,Import,97,EU,EU2,604,Peru,PER,,,,,,,,76,Aluminium and articles thereof,1,No Quantity,0,,,,0,,936996,,,4
H5,2019,2019,2019,2,0,1,Import,97,EU,EU2,608,Philippines,PHL,,,,,,,,76,Aluminium and articles thereof,1,No Quantity,0,,,,0,,5684918,,,4
H5,2019,2019,2019,2,0,1,Import,97,EU,EU2,634,Qatar,QAT,,,,,,,,76,Aluminium and articles thereof,1,No Quantity,0,,,,0,,28969815,,,4
H5,2019,2019,2019,2,0,1,Import,97,EU,EU2,643,Russian Federation,RUS,,,,,,,,76,Aluminium and articles thereof,1,No Quantity,0,,,,0,,2845897994,,,4
H5,2019,2019,2019,2,0,1,Import,97,EU,EU2,646,Rwanda,RWA,,,,,,,,76,Aluminium and articles thereof,1,No Quantity,0,,,,0,,31207,,,0
H5,2019,2019,2019,2,0,1,Import,97,EU,EU2,652,Saint Barthélemy,BLM,,,,,,,,76,Aluminium and articles thereof,1,No Quantity,0,,,,0,,44,,,0
H5,2019,2019,2019,2,0,1,Import,97,EU,EU2,674,San Marino,SMR,,,,,,,,76,Aluminium and articles thereof,1,No Quantity,0,,,,0,,2093176,,,0
H5,2019,2019,2019,2,0,1,Import,97,EU,EU2,678,Sao Tome and Principe,STP,,,,,,,,76,Aluminium and articles thereof,1,No Quantity,0,,,,0,,82243,,,0
H5,2019,2019,2019,2,0,1,Import,97,EU,EU2,682,Saudi Arabia,SAU,,,,,,,,76,Aluminium and articles thereof,1,No Quantity,0,,,,0,,179097372,,,4
H5,2019,2019,2019,2,0,1,Import,97,EU,EU2,686,Senegal,SEN,,,,,,,,76,Aluminium and articles thereof,1,No Quantity,0,,,,0,,802327,,,0
H5,2019,2019,2019,2,0,1,Import,97,EU,EU2,688,Serbia,SRB,,,,,,,,76,Aluminium and articles thereof,1,No Quantity,0,,,,0,,293435394,,,4
H5,2019,2019,2019,2,0,1,Import,97,EU,EU2,690,Seychelles,SYC,,,,,,,,76,Aluminium and articles thereof,1,No Quantity,0,,,,0,,1172,,,4
H5,2019,2019,2019,2,0,1,Import,97,EU,EU2,694,Sierra Leone,SLE,,,,,,,,76,Aluminium and articles thereof,1,No Quantity,0,,,,0,,94628,,,0
H5,2019,2019,2019,2,0,1,Import,97,EU,EU2,699,India,IND,,,,,,,,76,Aluminium and articles thereof,1,No Quantity,0,,,,0,,526615466,,,4
H5,2019,2019,2019,2,0,1,Import,97,EU,EU2,702,Singapore,SGP,,,,,,,,76,Aluminium and articles thereof,1,No Quantity,0,,,,0,,12351840,,,4
H5,2019,2019,2019,2,0,1,Import,97,EU,EU2,704,Viet Nam,VNM,,,,,,,,76,Aluminium and articles thereof,1,No Quantity,0,,,,0,,57671794,,,4
H5,2019,2019,2019,2,0,1,Import,97,EU,EU2,710,South Africa,ZAF,,,,,,,,76,Aluminium and articles thereof,1,No Quantity,0,,,,0,,473000159,,,4
H5,2019,2019,2019,2,0,1,Import,97,EU,EU2,716,Zimbabwe,ZWE,,,,,,,,76,Aluminium and articles thereof,1,No Quantity,0,,,,0,,1121,,,0
H5,2019,2019,2019,2,0,1,Import,97,EU,EU2,729,Sudan,SDN,,,,,,,,76,Aluminium and articles thereof,1,No Quantity,0,,,,0,,67677,,,0
H5,2019,2019,2019,2,0,1,Import,97,EU,EU2,732,Western Sahara,ESH,,,,,,,,76,Aluminium and articles thereof,1,No Quantity,0,,,,0,,58,,,0
H5,2019,2019,2019,2,0,1,Import,97,EU,EU2,740,Suriname,SUR,,,,,,,,76,Aluminium and articles thereof,1,No Quantity,0,,,,0,,110265,,,0
H5,2019,2019,2019,2,0,1,Import,97,EU,EU2,748,Eswatini,SWZ,,,,,,,,76,Aluminium and articles thereof,1,No Quantity,0,,,,0,,17901,,,0
H5,2019,2019,2019,2,0,1,Import,97,EU,EU2,757,Switzerland,CHE,,,,,,,,76,Aluminium and articles thereof,1,No Quantity,0,,,,0,,1879455532,,,4
H5,2019,2019,2019,2,0,1,Import,97,EU,EU2,760,Syria,SYR,,,,,,,,76,Aluminium and articles thereof,1,No Quantity,0,,,,0,,39938,,,0
H5,2019,2019,2019,2,0,1,Import,97,EU,EU2,762,Tajikistan,TJK,,,,,,,,76,Aluminium and articles thereof,1,No Quantity,0,,,,0,,6194959,,,0
H5,2019,2019,2019,2,0,1,Import,97,EU,EU2,764,Thailand,THA,,,,,,,,76,Aluminium and articles thereof,1,No Quantity,0,,,,0,,76800973,,,4
H5,2019,2019,2019,2,0,1,Import,97,EU,EU2,768,Togo,TGO,,,,,,,,76,Aluminium and articles thereof,1,No Quantity,0,,,,0,,670037,,,0
H5,2019,2019,2019,2,0,1,Import,97,EU,EU2,772,Tokelau,TKL,,,,,,,,76,Aluminium and articles thereof,1,No Quantity,0,,,,0,,173,,,0
H5,2019,2019,2019,2,0,1,Import,97,EU,EU2,776,Tonga,TON,,,,,,,,76,Aluminium and articles thereof,1,No Quantity,0,,,,0,,19,,,0
H5,2019,2019,2019,2,0,1,Import,97,EU,EU2,780,Trinidad and Tobago,TTO,,,,,,,,76,Aluminium and articles thereof,1,No Quantity,0,,,,0,,48947,,,0
H5,2019,2019,2019,2,0,1,Import,97,EU,EU2,784,United Arab Emirates,ARE,,,,,,,,76,Aluminium and articles thereof,1,No Quantity,0,,,,0,,1501019210,,,4
H5,2019,2019,2019,2,0,1,Import,97,EU,EU2,788,Tunisia,TUN,,,,,,,,76,Aluminium and articles thereof,1,No Quantity,0,,,,0,,64415922,,,4
H5,2019,2019,2019,2,0,1,Import,97,EU,EU2,792,Turkey,TUR,,,,,,,,76,Aluminium and articles thereof,1,No Quantity,0,,,,0,,1773360176,,,4
H5,2019,2019,2019,2,0,1,Import,97,EU,EU2,796,Turks and Caicos Isds,TCA,,,,,,,,76,Aluminium and articles thereof,1,No Quantity,0,,,,0,,2712,,,4
H5,2019,2019,2019,2,0,1,Import,97,EU,EU2,800,Uganda,UGA,,,,,,,,76,Aluminium and articles thereof,1,No Quantity,0,,,,0,,50566,,,0
H5,2019,2019,2019,2,0,1,Import,97,EU,EU2,804,Ukraine,UKR,,,,,,,,76,Aluminium and articles thereof,1,No Quantity,0,,,,0,,26146523,,,4
H5,2019,2019,2019,2,0,1,Import,97,EU,EU2,807,North Macedonia,MKD,,,,,,,,76,Aluminium and articles thereof,1,No Quantity,0,,,,0,,10912585,,,4
H5,2019,2019,2019,2,0,1,Import,97,EU,EU2,818,Egypt,EGY,,,,,,,,76,Aluminium and articles thereof,1,No Quantity,0,,,,0,,380328797,,,4
H5,2019,2019,2019,2,0,1,Import,97,EU,EU2,834,United Rep. of Tanzania,TZA,,,,,,,,76,Aluminium and articles thereof,1,No Quantity,0,,,,0,,13675,,,0
H5,2019,2019,2019,2,0,1,Import,97,EU,EU2,839,Special Categories,,,,,,,,,76,Aluminium and articles thereof,1,No Quantity,0,,,,0,,736767486,,,0
H5,2019,2019,2019,2,0,1,Import,97,EU,EU2,842,USA,USA,,,,,,,,76,Aluminium and articles thereof,1,No Quantity,0,,,,0,,1035290702,,,4
H5,2019,2019,2019,2,0,1,Import,97,EU,EU2,854,Burkina Faso,BFA,,,,,,,,76,Aluminium and articles thereof,1,No Quantity,0,,,,0,,1028,,,0
H5,2019,2019,2019,2,0,1,Import,97,EU,EU2,858,Uruguay,URY,,,,,,,,76,Aluminium and articles thereof,1,No Quantity,0,,,,0,,1344112,,,0
H5,2019,2019,2019,2,0,1,Import,97,EU,EU2,860,Uzbekistan,UZB,,,,,,,,76,Aluminium and articles thereof,1,No Quantity,0,,,,0,,4335931,,,0
H5,2019,2019,2019,2,0,1,Import,97,EU,EU2,862,Venezuela,VEN,,,,,,,,76,Aluminium and articles thereof,1,No Quantity,0,,,,0,,21210487,,,0
H5,2019,2019,2019,2,0,1,Import,97,EU,EU2,887,Yemen,YEM,,,,,,,,76,Aluminium and articles thereof,1,No Quantity,0,,,,0,,4357267,,,0
H5,2019,2019,2019,2,0,1,Import,97,EU,EU2,894,Zambia,ZMB,,,,,,,,76,Aluminium and articles thereof,1,No Quantity,0,,,,0,,472,,,0
H5,2019,2019,2019,2,0,1,Import,97,EU,EU2,899,"Areas, nes",,,,,,,,,76,Aluminium and articles thereof,1,No Quantity,0,,,,0,,35674432,,,4
